use etracs255_ilocosnorte;


INSERT IGNORE INTO `sys_ruleset` (`name`, `title`, `packagename`, `domain`, `role`, `permission`) VALUES ('revenuesharing', 'Revenue Sharing', 'revenuesharing', 'TREASURY', 'RULE_AUTHOR', NULL);

INSERT IGNORE INTO `sys_rulegroup` (`name`, `ruleset`, `title`, `sortorder`) VALUES ('after-compute-share', 'revenuesharing', 'After Compute Share', '1');
INSERT IGNORE INTO `sys_rulegroup` (`name`, `ruleset`, `title`, `sortorder`) VALUES ('compute-share', 'revenuesharing', 'Compute Share', '0');

INSERT IGNORE INTO `sys_rule_fact` (`objid`, `name`, `title`, `factclass`, `sortorder`, `handler`, `defaultvarname`, `dynamic`, `lookuphandler`, `lookupkey`, `lookupvalue`, `lookupdatatype`, `dynamicfieldname`, `builtinconstraints`, `domain`, `factsuperclass`) VALUES ('com.rameses.rules.common.CurrentDate', 'com.rameses.rules.common.CurrentDate', 'Current Date', 'com.rameses.rules.common.CurrentDate', '0', NULL, NULL, NULL, NULL, NULL, NULL, NULL, NULL, NULL, 'SYSTEM', NULL);
INSERT IGNORE INTO `sys_rule_fact` (`objid`, `name`, `title`, `factclass`, `sortorder`, `handler`, `defaultvarname`, `dynamic`, `lookuphandler`, `lookupkey`, `lookupvalue`, `lookupdatatype`, `dynamicfieldname`, `builtinconstraints`, `domain`, `factsuperclass`) VALUES ('enterprise.facts.DateInfo', 'enterprise.facts.DateInfo', 'Date Info', 'enterprise.facts.DateInfo', '0', NULL, NULL, NULL, NULL, NULL, NULL, NULL, NULL, NULL, 'ENTERPRISE', 'enterprise.facts.VariableInfo');
INSERT IGNORE INTO `sys_rule_fact` (`objid`, `name`, `title`, `factclass`, `sortorder`, `handler`, `defaultvarname`, `dynamic`, `lookuphandler`, `lookupkey`, `lookupvalue`, `lookupdatatype`, `dynamicfieldname`, `builtinconstraints`, `domain`, `factsuperclass`) VALUES ('enterprise.facts.Org', 'enterprise.facts.Org', 'Org', 'enterprise.facts.Org', '1', NULL, 'ORG', NULL, NULL, NULL, NULL, NULL, NULL, NULL, 'ENTERPRISE', NULL);
INSERT IGNORE INTO `sys_rule_fact` (`objid`, `name`, `title`, `factclass`, `sortorder`, `handler`, `defaultvarname`, `dynamic`, `lookuphandler`, `lookupkey`, `lookupvalue`, `lookupdatatype`, `dynamicfieldname`, `builtinconstraints`, `domain`, `factsuperclass`) VALUES ('treasury.facts.BillItem', 'treasury.facts.BillItem', 'Bill Item', 'treasury.facts.BillItem', '1', NULL, 'BILLITEM', NULL, NULL, NULL, NULL, NULL, NULL, NULL, 'TREASURY', 'treasury.facts.AbstractBillItem');
INSERT IGNORE INTO `sys_rule_fact` (`objid`, `name`, `title`, `factclass`, `sortorder`, `handler`, `defaultvarname`, `dynamic`, `lookuphandler`, `lookupkey`, `lookupvalue`, `lookupdatatype`, `dynamicfieldname`, `builtinconstraints`, `domain`, `factsuperclass`) VALUES ('treasury.facts.CollectionGroup', 'treasury.facts.CollectionGroup', 'Collection Group', 'treasury.facts.CollectionGroup', '0', NULL, 'CG', NULL, NULL, NULL, NULL, NULL, NULL, NULL, 'TREASURY', NULL);
INSERT IGNORE INTO `sys_rule_fact` (`objid`, `name`, `title`, `factclass`, `sortorder`, `handler`, `defaultvarname`, `dynamic`, `lookuphandler`, `lookupkey`, `lookupvalue`, `lookupdatatype`, `dynamicfieldname`, `builtinconstraints`, `domain`, `factsuperclass`) VALUES ('treasury.facts.RevenueShare', 'treasury.facts.RevenueShare', 'Revenue Share', 'treasury.facts.RevenueShare', '1', NULL, 'RS', NULL, NULL, NULL, NULL, NULL, NULL, NULL, 'TREASURY', NULL);

INSERT IGNORE INTO `sys_rule_fact_field` (`objid`, `parentid`, `name`, `title`, `datatype`, `sortorder`, `handler`, `lookuphandler`, `lookupkey`, `lookupvalue`, `lookupdatatype`, `multivalued`, `required`, `vardatatype`, `lovname`) VALUES ('com.rameses.rules.common.CurrentDate.date', 'com.rameses.rules.common.CurrentDate', 'date', 'Date', 'date', '4', 'date', NULL, NULL, NULL, NULL, NULL, NULL, 'date', NULL);
INSERT IGNORE INTO `sys_rule_fact_field` (`objid`, `parentid`, `name`, `title`, `datatype`, `sortorder`, `handler`, `lookuphandler`, `lookupkey`, `lookupvalue`, `lookupdatatype`, `multivalued`, `required`, `vardatatype`, `lovname`) VALUES ('com.rameses.rules.common.CurrentDate.day', 'com.rameses.rules.common.CurrentDate', 'day', 'Day', 'integer', '5', 'integer', NULL, NULL, NULL, NULL, NULL, NULL, 'integer', NULL);
INSERT IGNORE INTO `sys_rule_fact_field` (`objid`, `parentid`, `name`, `title`, `datatype`, `sortorder`, `handler`, `lookuphandler`, `lookupkey`, `lookupvalue`, `lookupdatatype`, `multivalued`, `required`, `vardatatype`, `lovname`) VALUES ('com.rameses.rules.common.CurrentDate.month', 'com.rameses.rules.common.CurrentDate', 'month', 'Month', 'integer', '3', 'integer', NULL, NULL, NULL, NULL, NULL, NULL, 'integer', NULL);
INSERT IGNORE INTO `sys_rule_fact_field` (`objid`, `parentid`, `name`, `title`, `datatype`, `sortorder`, `handler`, `lookuphandler`, `lookupkey`, `lookupvalue`, `lookupdatatype`, `multivalued`, `required`, `vardatatype`, `lovname`) VALUES ('com.rameses.rules.common.CurrentDate.qtr', 'com.rameses.rules.common.CurrentDate', 'qtr', 'Qtr', 'integer', '1', 'integer', NULL, NULL, NULL, NULL, NULL, NULL, 'integer', NULL);
INSERT IGNORE INTO `sys_rule_fact_field` (`objid`, `parentid`, `name`, `title`, `datatype`, `sortorder`, `handler`, `lookuphandler`, `lookupkey`, `lookupvalue`, `lookupdatatype`, `multivalued`, `required`, `vardatatype`, `lovname`) VALUES ('com.rameses.rules.common.CurrentDate.year', 'com.rameses.rules.common.CurrentDate', 'year', 'Year', 'integer', '2', 'integer', NULL, NULL, NULL, NULL, NULL, NULL, 'integer', NULL);
INSERT IGNORE INTO `sys_rule_fact_field` (`objid`, `parentid`, `name`, `title`, `datatype`, `sortorder`, `handler`, `lookuphandler`, `lookupkey`, `lookupvalue`, `lookupdatatype`, `multivalued`, `required`, `vardatatype`, `lovname`) VALUES ('enterprise.facts.DateInfo.day', 'enterprise.facts.DateInfo', 'day', 'Day', 'integer', '4', 'integer', NULL, NULL, NULL, NULL, NULL, NULL, 'integer', NULL);
INSERT IGNORE INTO `sys_rule_fact_field` (`objid`, `parentid`, `name`, `title`, `datatype`, `sortorder`, `handler`, `lookuphandler`, `lookupkey`, `lookupvalue`, `lookupdatatype`, `multivalued`, `required`, `vardatatype`, `lovname`) VALUES ('enterprise.facts.DateInfo.month', 'enterprise.facts.DateInfo', 'month', 'Month', 'integer', '3', 'integer', NULL, NULL, NULL, NULL, NULL, NULL, 'integer', NULL);
INSERT IGNORE INTO `sys_rule_fact_field` (`objid`, `parentid`, `name`, `title`, `datatype`, `sortorder`, `handler`, `lookuphandler`, `lookupkey`, `lookupvalue`, `lookupdatatype`, `multivalued`, `required`, `vardatatype`, `lovname`) VALUES ('enterprise.facts.DateInfo.name', 'enterprise.facts.DateInfo', 'name', 'Name', 'string', '5', 'lookup', 'variableinfo_date:lookup', 'name', 'name', NULL, NULL, '1', 'string', NULL);
INSERT IGNORE INTO `sys_rule_fact_field` (`objid`, `parentid`, `name`, `title`, `datatype`, `sortorder`, `handler`, `lookuphandler`, `lookupkey`, `lookupvalue`, `lookupdatatype`, `multivalued`, `required`, `vardatatype`, `lovname`) VALUES ('enterprise.facts.DateInfo.qtr', 'enterprise.facts.DateInfo', 'qtr', 'Qtr', 'integer', '1', 'integer', NULL, NULL, NULL, NULL, NULL, NULL, 'integer', NULL);
INSERT IGNORE INTO `sys_rule_fact_field` (`objid`, `parentid`, `name`, `title`, `datatype`, `sortorder`, `handler`, `lookuphandler`, `lookupkey`, `lookupvalue`, `lookupdatatype`, `multivalued`, `required`, `vardatatype`, `lovname`) VALUES ('enterprise.facts.DateInfo.value', 'enterprise.facts.DateInfo', 'value', 'Date', 'date', '6', 'date', NULL, NULL, NULL, NULL, NULL, '1', 'date', NULL);
INSERT IGNORE INTO `sys_rule_fact_field` (`objid`, `parentid`, `name`, `title`, `datatype`, `sortorder`, `handler`, `lookuphandler`, `lookupkey`, `lookupvalue`, `lookupdatatype`, `multivalued`, `required`, `vardatatype`, `lovname`) VALUES ('enterprise.facts.DateInfo.year', 'enterprise.facts.DateInfo', 'year', 'Year', 'integer', '2', 'integer', NULL, NULL, NULL, NULL, NULL, NULL, 'integer', NULL);
INSERT IGNORE INTO `sys_rule_fact_field` (`objid`, `parentid`, `name`, `title`, `datatype`, `sortorder`, `handler`, `lookuphandler`, `lookupkey`, `lookupvalue`, `lookupdatatype`, `multivalued`, `required`, `vardatatype`, `lovname`) VALUES ('enterprise.facts.Org.orgid', 'enterprise.facts.Org', 'orgid', 'Org ID', 'string', '1', 'lookup', 'org:lookup', 'objid', 'title', NULL, NULL, NULL, 'string', NULL);
INSERT IGNORE INTO `sys_rule_fact_field` (`objid`, `parentid`, `name`, `title`, `datatype`, `sortorder`, `handler`, `lookuphandler`, `lookupkey`, `lookupvalue`, `lookupdatatype`, `multivalued`, `required`, `vardatatype`, `lovname`) VALUES ('treasury.facts.BillItem.account', 'treasury.facts.BillItem', 'account', 'Account', 'string', '3', 'lookup', 'revenueitem:lookup', 'objid', 'title', NULL, NULL, NULL, 'object', NULL);
INSERT IGNORE INTO `sys_rule_fact_field` (`objid`, `parentid`, `name`, `title`, `datatype`, `sortorder`, `handler`, `lookuphandler`, `lookupkey`, `lookupvalue`, `lookupdatatype`, `multivalued`, `required`, `vardatatype`, `lovname`) VALUES ('treasury.facts.BillItem.account.objid', 'treasury.facts.BillItem', 'account.objid', 'Account ID', 'string', '2', 'lookup', 'revenueitem:lookup', 'objid', 'title', NULL, NULL, NULL, 'string', NULL);
INSERT IGNORE INTO `sys_rule_fact_field` (`objid`, `parentid`, `name`, `title`, `datatype`, `sortorder`, `handler`, `lookuphandler`, `lookupkey`, `lookupvalue`, `lookupdatatype`, `multivalued`, `required`, `vardatatype`, `lovname`) VALUES ('treasury.facts.BillItem.amount', 'treasury.facts.BillItem', 'amount', 'Amount', 'decimal', '1', 'decimal', NULL, NULL, NULL, NULL, NULL, NULL, 'decimal', NULL);
INSERT IGNORE INTO `sys_rule_fact_field` (`objid`, `parentid`, `name`, `title`, `datatype`, `sortorder`, `handler`, `lookuphandler`, `lookupkey`, `lookupvalue`, `lookupdatatype`, `multivalued`, `required`, `vardatatype`, `lovname`) VALUES ('treasury.facts.BillItem.billrefid', 'treasury.facts.BillItem', 'billrefid', 'Bill Ref ID', 'string', '7', 'var', NULL, NULL, NULL, NULL, NULL, NULL, 'string', NULL);
INSERT IGNORE INTO `sys_rule_fact_field` (`objid`, `parentid`, `name`, `title`, `datatype`, `sortorder`, `handler`, `lookuphandler`, `lookupkey`, `lookupvalue`, `lookupdatatype`, `multivalued`, `required`, `vardatatype`, `lovname`) VALUES ('treasury.facts.BillItem.discount', 'treasury.facts.BillItem', 'discount', 'Discount', 'decimal', '8', 'decimal', NULL, NULL, NULL, NULL, NULL, NULL, 'decimal', NULL);
INSERT IGNORE INTO `sys_rule_fact_field` (`objid`, `parentid`, `name`, `title`, `datatype`, `sortorder`, `handler`, `lookuphandler`, `lookupkey`, `lookupvalue`, `lookupdatatype`, `multivalued`, `required`, `vardatatype`, `lovname`) VALUES ('treasury.facts.BillItem.duedate', 'treasury.facts.BillItem', 'duedate', 'Due Date', 'date', '4', 'date', NULL, NULL, NULL, NULL, NULL, NULL, 'date', NULL);
INSERT IGNORE INTO `sys_rule_fact_field` (`objid`, `parentid`, `name`, `title`, `datatype`, `sortorder`, `handler`, `lookuphandler`, `lookupkey`, `lookupvalue`, `lookupdatatype`, `multivalued`, `required`, `vardatatype`, `lovname`) VALUES ('treasury.facts.BillItem.fromdate', 'treasury.facts.BillItem', 'fromdate', 'From Date', 'date', '14', 'date', NULL, NULL, NULL, NULL, NULL, NULL, 'date', NULL);
INSERT IGNORE INTO `sys_rule_fact_field` (`objid`, `parentid`, `name`, `title`, `datatype`, `sortorder`, `handler`, `lookuphandler`, `lookupkey`, `lookupvalue`, `lookupdatatype`, `multivalued`, `required`, `vardatatype`, `lovname`) VALUES ('treasury.facts.BillItem.interest', 'treasury.facts.BillItem', 'interest', 'Interest', 'decimal', '11', 'decimal', NULL, NULL, NULL, NULL, NULL, NULL, 'decimal', NULL);
INSERT IGNORE INTO `sys_rule_fact_field` (`objid`, `parentid`, `name`, `title`, `datatype`, `sortorder`, `handler`, `lookuphandler`, `lookupkey`, `lookupvalue`, `lookupdatatype`, `multivalued`, `required`, `vardatatype`, `lovname`) VALUES ('treasury.facts.BillItem.month', 'treasury.facts.BillItem', 'month', 'Month', 'integer', '13', 'integer', NULL, NULL, NULL, NULL, NULL, NULL, 'integer', NULL);
INSERT IGNORE INTO `sys_rule_fact_field` (`objid`, `parentid`, `name`, `title`, `datatype`, `sortorder`, `handler`, `lookuphandler`, `lookupkey`, `lookupvalue`, `lookupdatatype`, `multivalued`, `required`, `vardatatype`, `lovname`) VALUES ('treasury.facts.BillItem.org', 'treasury.facts.BillItem', 'org', 'Org', 'string', '10', 'var', NULL, NULL, NULL, NULL, NULL, NULL, 'enterprise.facts.Org', NULL);
INSERT IGNORE INTO `sys_rule_fact_field` (`objid`, `parentid`, `name`, `title`, `datatype`, `sortorder`, `handler`, `lookuphandler`, `lookupkey`, `lookupvalue`, `lookupdatatype`, `multivalued`, `required`, `vardatatype`, `lovname`) VALUES ('treasury.facts.BillItem.parentaccount', 'treasury.facts.BillItem', 'parentaccount', 'Parent Account', 'string', '9', 'lookup', 'revenueitem:lookup', 'objid', 'title', NULL, NULL, NULL, 'object', NULL);
INSERT IGNORE INTO `sys_rule_fact_field` (`objid`, `parentid`, `name`, `title`, `datatype`, `sortorder`, `handler`, `lookuphandler`, `lookupkey`, `lookupvalue`, `lookupdatatype`, `multivalued`, `required`, `vardatatype`, `lovname`) VALUES ('treasury.facts.BillItem.paypriority', 'treasury.facts.BillItem', 'paypriority', 'Pay Priority', 'integer', '18', 'integer', NULL, NULL, NULL, NULL, NULL, NULL, 'integer', NULL);
INSERT IGNORE INTO `sys_rule_fact_field` (`objid`, `parentid`, `name`, `title`, `datatype`, `sortorder`, `handler`, `lookuphandler`, `lookupkey`, `lookupvalue`, `lookupdatatype`, `multivalued`, `required`, `vardatatype`, `lovname`) VALUES ('treasury.facts.BillItem.refid', 'treasury.facts.BillItem', 'refid', 'Ref ID', 'string', '16', 'var', NULL, NULL, NULL, NULL, NULL, NULL, 'string', NULL);
INSERT IGNORE INTO `sys_rule_fact_field` (`objid`, `parentid`, `name`, `title`, `datatype`, `sortorder`, `handler`, `lookuphandler`, `lookupkey`, `lookupvalue`, `lookupdatatype`, `multivalued`, `required`, `vardatatype`, `lovname`) VALUES ('treasury.facts.BillItem.remarks', 'treasury.facts.BillItem', 'remarks', 'Remarks', 'string', '17', 'string', NULL, NULL, NULL, NULL, NULL, NULL, 'string', NULL);
INSERT IGNORE INTO `sys_rule_fact_field` (`objid`, `parentid`, `name`, `title`, `datatype`, `sortorder`, `handler`, `lookuphandler`, `lookupkey`, `lookupvalue`, `lookupdatatype`, `multivalued`, `required`, `vardatatype`, `lovname`) VALUES ('treasury.facts.BillItem.sortorder', 'treasury.facts.BillItem', 'sortorder', 'Sort Order', 'integer', '19', 'integer', NULL, NULL, NULL, NULL, NULL, NULL, 'integer', NULL);
INSERT IGNORE INTO `sys_rule_fact_field` (`objid`, `parentid`, `name`, `title`, `datatype`, `sortorder`, `handler`, `lookuphandler`, `lookupkey`, `lookupvalue`, `lookupdatatype`, `multivalued`, `required`, `vardatatype`, `lovname`) VALUES ('treasury.facts.BillItem.surcharge', 'treasury.facts.BillItem', 'surcharge', 'Surcharge', 'decimal', '5', 'decimal', NULL, NULL, NULL, NULL, NULL, NULL, 'decimal', NULL);
INSERT IGNORE INTO `sys_rule_fact_field` (`objid`, `parentid`, `name`, `title`, `datatype`, `sortorder`, `handler`, `lookuphandler`, `lookupkey`, `lookupvalue`, `lookupdatatype`, `multivalued`, `required`, `vardatatype`, `lovname`) VALUES ('treasury.facts.BillItem.tag', 'treasury.facts.BillItem', 'tag', 'Tag', 'string', '20', 'string', NULL, NULL, NULL, NULL, NULL, NULL, 'string', NULL);
INSERT IGNORE INTO `sys_rule_fact_field` (`objid`, `parentid`, `name`, `title`, `datatype`, `sortorder`, `handler`, `lookuphandler`, `lookupkey`, `lookupvalue`, `lookupdatatype`, `multivalued`, `required`, `vardatatype`, `lovname`) VALUES ('treasury.facts.BillItem.todate', 'treasury.facts.BillItem', 'todate', 'To Date', 'date', '15', 'date', NULL, NULL, NULL, NULL, NULL, NULL, 'date', NULL);
INSERT IGNORE INTO `sys_rule_fact_field` (`objid`, `parentid`, `name`, `title`, `datatype`, `sortorder`, `handler`, `lookuphandler`, `lookupkey`, `lookupvalue`, `lookupdatatype`, `multivalued`, `required`, `vardatatype`, `lovname`) VALUES ('treasury.facts.BillItem.txntype', 'treasury.facts.BillItem', 'txntype', 'Txn Type', 'string', '6', 'lookup', 'billitem_txntype:lookup', 'objid', 'title', NULL, NULL, NULL, 'string', NULL);
INSERT IGNORE INTO `sys_rule_fact_field` (`objid`, `parentid`, `name`, `title`, `datatype`, `sortorder`, `handler`, `lookuphandler`, `lookupkey`, `lookupvalue`, `lookupdatatype`, `multivalued`, `required`, `vardatatype`, `lovname`) VALUES ('treasury.facts.BillItem.year', 'treasury.facts.BillItem', 'year', 'Year', 'integer', '12', 'integer', NULL, NULL, NULL, NULL, NULL, NULL, 'integer', NULL);
INSERT IGNORE INTO `sys_rule_fact_field` (`objid`, `parentid`, `name`, `title`, `datatype`, `sortorder`, `handler`, `lookuphandler`, `lookupkey`, `lookupvalue`, `lookupdatatype`, `multivalued`, `required`, `vardatatype`, `lovname`) VALUES ('treasury.facts.CollectionGroup.objid', 'treasury.facts.CollectionGroup', 'objid', 'Name', 'string', '1', 'lookup', 'collectiongroup:lookup', 'objid', 'name', NULL, NULL, NULL, 'string', NULL);
INSERT IGNORE INTO `sys_rule_fact_field` (`objid`, `parentid`, `name`, `title`, `datatype`, `sortorder`, `handler`, `lookuphandler`, `lookupkey`, `lookupvalue`, `lookupdatatype`, `multivalued`, `required`, `vardatatype`, `lovname`) VALUES ('treasury.facts.RevenueShare.amount', 'treasury.facts.RevenueShare', 'amount', 'Amount', 'decimal', '3', 'decimal', NULL, NULL, NULL, NULL, NULL, NULL, 'decimal', NULL);
INSERT IGNORE INTO `sys_rule_fact_field` (`objid`, `parentid`, `name`, `title`, `datatype`, `sortorder`, `handler`, `lookuphandler`, `lookupkey`, `lookupvalue`, `lookupdatatype`, `multivalued`, `required`, `vardatatype`, `lovname`) VALUES ('treasury.facts.RevenueShare.payableaccount', 'treasury.facts.RevenueShare', 'payableaccount', 'Payable Account', 'string', '2', 'lookup', 'revenueitem:lookup', 'objid', 'title', NULL, NULL, NULL, 'string', NULL);
INSERT IGNORE INTO `sys_rule_fact_field` (`objid`, `parentid`, `name`, `title`, `datatype`, `sortorder`, `handler`, `lookuphandler`, `lookupkey`, `lookupvalue`, `lookupdatatype`, `multivalued`, `required`, `vardatatype`, `lovname`) VALUES ('treasury.facts.RevenueShare.refaccount', 'treasury.facts.RevenueShare', 'refaccount', 'Reference Account', 'string', '1', 'lookup', 'revenueitem:lookup', 'objid', 'title', NULL, NULL, NULL, 'string', NULL);

INSERT IGNORE INTO `sys_rule_actiondef` (`objid`, `name`, `title`, `sortorder`, `actionname`, `domain`, `actionclass`) VALUES ('treasury.actions.AddRevenueShare', 'add-share', 'Add Revenue Share', '1', 'add-share', 'TREASURY', 'treasury.actions.AddRevenueShare');

INSERT IGNORE INTO `sys_rule_actiondef_param` (`objid`, `parentid`, `name`, `sortorder`, `title`, `datatype`, `handler`, `lookuphandler`, `lookupkey`, `lookupvalue`, `vardatatype`, `lovname`) VALUES ('treasury.actions.AddRevenueShareByOrg.amount', 'treasury.actions.AddRevenueShare', 'amount', '4', 'Amount', NULL, 'expression', NULL, NULL, NULL, NULL, NULL);
INSERT IGNORE INTO `sys_rule_actiondef_param` (`objid`, `parentid`, `name`, `sortorder`, `title`, `datatype`, `handler`, `lookuphandler`, `lookupkey`, `lookupvalue`, `vardatatype`, `lovname`) VALUES ('treasury.actions.AddRevenueShareByOrg.org', 'treasury.actions.AddRevenueShare', 'org', '3', 'Org', NULL, 'var', NULL, NULL, NULL, 'enterprise.facts.Org', NULL);
INSERT IGNORE INTO `sys_rule_actiondef_param` (`objid`, `parentid`, `name`, `sortorder`, `title`, `datatype`, `handler`, `lookuphandler`, `lookupkey`, `lookupvalue`, `vardatatype`, `lovname`) VALUES ('treasury.actions.AddRevenueShareByOrg.payableaccount', 'treasury.actions.AddRevenueShare', 'payableaccount', '2', 'Payable Account', NULL, 'lookup', 'payableaccount:lookup', 'objid', 'title', 'string', NULL);
INSERT IGNORE INTO `sys_rule_actiondef_param` (`objid`, `parentid`, `name`, `sortorder`, `title`, `datatype`, `handler`, `lookuphandler`, `lookupkey`, `lookupvalue`, `vardatatype`, `lovname`) VALUES ('treasury.actions.AddRevenueShareByOrg.refitem', 'treasury.actions.AddRevenueShare', 'refitem', '1', 'Ref Item', NULL, 'var', 'revenueitem:lookup', 'objid', 'title', 'treasury.facts.AbstractBillItem', NULL);

INSERT IGNORE INTO `sys_ruleset_fact` (`ruleset`, `rulefact`) VALUES ('revenuesharing', 'com.rameses.rules.common.CurrentDate');
INSERT IGNORE INTO `sys_ruleset_fact` (`ruleset`, `rulefact`) VALUES ('revenuesharing', 'enterprise.facts.DateInfo');
INSERT IGNORE INTO `sys_ruleset_fact` (`ruleset`, `rulefact`) VALUES ('revenuesharing', 'enterprise.facts.Org');
INSERT IGNORE INTO `sys_ruleset_fact` (`ruleset`, `rulefact`) VALUES ('revenuesharing', 'treasury.facts.BillItem');
INSERT IGNORE INTO `sys_ruleset_fact` (`ruleset`, `rulefact`) VALUES ('revenuesharing', 'treasury.facts.CollectionGroup');
INSERT IGNORE INTO `sys_ruleset_fact` (`ruleset`, `rulefact`) VALUES ('revenuesharing', 'treasury.facts.RevenueShare');

INSERT IGNORE INTO `sys_ruleset_actiondef` (`ruleset`, `actiondef`) VALUES ('revenuesharing', 'treasury.actions.AddRevenueShare');
